id,address_type,street,street_additional,city,region,country,postal_code,delivery_instructions,business_id,transaction_id,end_transaction_id,operation_type,office_id
22400,mailing,1 setters street,4113 HATFIELD RD,Victoria,BC,CA,V8Z7H4,"",,107822,,0,2644
22401,delivery,1 setters street,4113 HATFIELD RD,Victoria,BC,CA,V8Z7H4,"",,107822,,0,2644
22402,mailing,1 setters street,4113 HATFIELD RD,Victoria,BC,CA,V8Z7H4,"",,107822,,0,2645
22403,delivery,1 setters street,4113 HATFIELD RD,Victoria,BC,CA,V8Z7H4,"",,107822,,0,2645
